val, actual, res, absError, relError
0.010000, 10.000000, 9.982505, 0.017495, 0.174952
0.020000, 7.071068, 7.068990, 0.002078, 0.029388
0.030000, 5.773503, 5.769965, 0.003538, 0.061274
0.040000, 5.000000, 4.991252, 0.008748, 0.174952
0.050000, 4.472136, 4.471016, 0.001120, 0.025046
0.060000, 4.082483, 4.075606, 0.006876, 0.168438
0.070000, 3.779645, 3.779167, 0.000478, 0.012635
0.080000, 3.535534, 3.534495, 0.001039, 0.029388
0.090000, 3.333333, 3.329526, 0.003808, 0.114226
0.100000, 3.162278, 3.157228, 0.005049, 0.159678
0.110000, 3.015113, 3.011063, 0.004050, 0.134340
0.120000, 2.886751, 2.884983, 0.001769, 0.061274
0.130000, 2.773501, 2.772063, 0.001438, 0.051836
0.140000, 2.672612, 2.669653, 0.002959, 0.110725
0.150000, 2.581989, 2.577952, 0.004036, 0.156330
0.160000, 2.500000, 2.495626, 0.004374, 0.174952
0.170000, 2.425356, 2.421400, 0.003956, 0.163113
0.180000, 2.357023, 2.354062, 0.002960, 0.125591
0.190000, 2.294157, 2.292461, 0.001696, 0.073921
0.200000, 2.236068, 2.235508, 0.000560, 0.025046
0.210000, 2.182179, 2.182174, 0.000005, 0.000240
0.220000, 2.132007, 2.131493, 0.000515, 0.024133
0.230000, 2.085144, 2.082558, 0.002586, 0.124015
0.240000, 2.041241, 2.037803, 0.003438, 0.168438
0.250000, 2.000000, 1.996616, 0.003384, 0.169188
0.260000, 1.961161, 1.959362, 0.001800, 0.091767
0.270000, 1.924501, 1.923705, 0.000796, 0.041378
0.280000, 1.889822, 1.889583, 0.000239, 0.012635
0.290000, 1.856953, 1.856937, 0.000016, 0.000886
0.300000, 1.825742, 1.825705, 0.000037, 0.002031
0.310000, 1.796053, 1.795828, 0.000225, 0.012544
0.320000, 1.767767, 1.767247, 0.000519, 0.029381
0.330000, 1.740776, 1.739907, 0.000870, 0.049957
0.340000, 1.714986, 1.713749, 0.001237, 0.072103
0.350000, 1.690308, 1.688719, 0.001589, 0.094010
0.360000, 1.666666, 1.664763, 0.001904, 0.114219
0.370000, 1.643990, 1.641826, 0.002164, 0.131610
0.380000, 1.622214, 1.619856, 0.002357, 0.145325
0.390000, 1.601281, 1.598803, 0.002479, 0.154803
0.400000, 1.581139, 1.578614, 0.002525, 0.159678
0.410000, 1.561737, 1.559241, 0.002497, 0.159876
0.420000, 1.543033, 1.540634, 0.002399, 0.155486
0.430000, 1.524986, 1.522747, 0.002239, 0.146813
0.440000, 1.507557, 1.505531, 0.002025, 0.134340
0.450000, 1.490712, 1.488943, 0.001769, 0.118689
0.460000, 1.474419, 1.472935, 0.001484, 0.100652
0.470000, 1.458650, 1.457466, 0.001184, 0.081162
0.480000, 1.443376, 1.442491, 0.000884, 0.061274
0.490000, 1.428571, 1.427969, 0.000602, 0.042140
0.500000, 1.414213, 1.413859, 0.000354, 0.025044
0.510000, 1.400280, 1.399751, 0.000529, 0.037799
0.520000, 1.386750, 1.386032, 0.000719, 0.051836
0.530000, 1.373606, 1.372691, 0.000915, 0.066608
0.540000, 1.360828, 1.359717, 0.001111, 0.081626
0.550000, 1.348400, 1.347099, 0.001301, 0.096453
0.560000, 1.336306, 1.334827, 0.001480, 0.110725
0.570000, 1.324532, 1.322889, 0.001644, 0.124102
0.580000, 1.313064, 1.311275, 0.001790, 0.136308
0.590000, 1.301889, 1.299974, 0.001915, 0.147111
0.600000, 1.290995, 1.288976, 0.002018, 0.156330
0.610000, 1.280369, 1.278272, 0.002097, 0.163800
0.620000, 1.270001, 1.267849, 0.002152, 0.169437
0.630000, 1.259882, 1.257700, 0.002182, 0.173172
0.640000, 1.250000, 1.247813, 0.002187, 0.174961
0.650000, 1.240347, 1.238179, 0.002168, 0.174785
0.660000, 1.230915, 1.228789, 0.002126, 0.172706
0.670000, 1.221695, 1.219632, 0.002062, 0.168798
0.680000, 1.212678, 1.210700, 0.001978, 0.163113
0.690000, 1.203859, 1.201983, 0.001876, 0.155792
0.700000, 1.195229, 1.193472, 0.001757, 0.146983
0.710000, 1.186782, 1.185158, 0.001624, 0.136840
0.720000, 1.178511, 1.177031, 0.001480, 0.125591
0.730000, 1.170411, 1.169084, 0.001328, 0.113423
0.740000, 1.162476, 1.161307, 0.001169, 0.100579
0.750000, 1.154701, 1.153692, 0.001008, 0.087319
0.760000, 1.147079, 1.146231, 0.000848, 0.073932
0.770000, 1.139606, 1.138914, 0.000691, 0.060671
0.780000, 1.132277, 1.131735, 0.000542, 0.047893
0.790000, 1.125088, 1.124684, 0.000404, 0.035908
0.800000, 1.118034, 1.117754, 0.000280, 0.025046
0.810000, 1.111111, 1.110937, 0.000174, 0.015675
0.820000, 1.104315, 1.104225, 0.000090, 0.008161
0.830000, 1.097643, 1.097611, 0.000032, 0.002878
0.840000, 1.091089, 1.091087, 0.000003, 0.000229
0.850000, 1.084652, 1.084646, 0.000007, 0.000615
0.860000, 1.078328, 1.078280, 0.000048, 0.004444
0.870000, 1.072113, 1.071982, 0.000130, 0.012142
0.880000, 1.066004, 1.065746, 0.000257, 0.024144
0.890000, 1.059998, 1.059565, 0.000433, 0.040880
0.900000, 1.054093, 1.053431, 0.000662, 0.062800
0.910000, 1.048285, 1.047338, 0.000947, 0.090349
0.920000, 1.042572, 1.041279, 0.001293, 0.124003
0.930000, 1.036952, 1.035249, 0.001703, 0.164211
0.940000, 1.031421, 1.029640, 0.001781, 0.172685
0.950000, 1.025978, 1.024233, 0.001746, 0.170161
0.960000, 1.020621, 1.018902, 0.001719, 0.168438
0.970000, 1.015346, 1.013646, 0.001701, 0.167494
0.980000, 1.010153, 1.008463, 0.001690, 0.167304
0.990000, 1.005038, 1.003351, 0.001687, 0.167871
1.000000, 1.000000, 0.998308, 0.001692, 0.169194
1.010000, 0.995037, 0.993575, 0.001463, 0.146981
1.020000, 0.990148, 0.988893, 0.001255, 0.126746
1.030000, 0.985329, 0.984262, 0.001068, 0.108366
1.040000, 0.980581, 0.979681, 0.000900, 0.091761
1.050000, 0.975900, 0.975150, 0.000750, 0.076859
1.060000, 0.971286, 0.970669, 0.000617, 0.063551
1.070000, 0.966737, 0.966236, 0.000500, 0.051741
1.080000, 0.962251, 0.961852, 0.000398, 0.041372
1.090000, 0.957826, 0.957516, 0.000310, 0.032353
1.100000, 0.953463, 0.953228, 0.000235, 0.024605
1.110000, 0.949158, 0.948987, 0.000171, 0.018061
1.120000, 0.944911, 0.944792, 0.000119, 0.012641
1.130000, 0.940721, 0.940643, 0.000078, 0.008262
1.140000, 0.936586, 0.936540, 0.000046, 0.004907
1.150000, 0.932505, 0.932482, 0.000023, 0.002461
1.160000, 0.928477, 0.928469, 0.000008, 0.000879
1.170000, 0.924500, 0.924499, 0.000001, 0.000103
1.180000, 0.920575, 0.920574, 0.000001, 0.000071
1.190000, 0.916699, 0.916692, 0.000007, 0.000728
1.200000, 0.912871, 0.912853, 0.000019, 0.002037
1.210000, 0.909091, 0.909056, 0.000035, 0.003901
1.220000, 0.905358, 0.905300, 0.000057, 0.006314
1.230000, 0.901670, 0.901587, 0.000083, 0.009208
1.240000, 0.898027, 0.897914, 0.000113, 0.012538
1.250000, 0.894427, 0.894282, 0.000145, 0.016260
1.260000, 0.890871, 0.890690, 0.000181, 0.020339
1.270000, 0.887357, 0.887137, 0.000219, 0.024719
1.280000, 0.883884, 0.883624, 0.000260, 0.029375
1.290000, 0.880451, 0.880149, 0.000302, 0.034269
1.300000, 0.877058, 0.876713, 0.000345, 0.039342
1.310000, 0.873704, 0.873315, 0.000390, 0.044589
1.320000, 0.870388, 0.869954, 0.000435, 0.049957
1.330000, 0.867110, 0.866629, 0.000481, 0.055418
1.340000, 0.863868, 0.863342, 0.000527, 0.060952
1.350000, 0.860663, 0.860091, 0.000573, 0.066519
1.360000, 0.857493, 0.856875, 0.000618, 0.072103
1.370000, 0.854358, 0.853694, 0.000664, 0.077663
1.380000, 0.851257, 0.850549, 0.000708, 0.083183
1.390000, 0.848189, 0.847437, 0.000752, 0.088642
1.400000, 0.845154, 0.844360, 0.000795, 0.094010
1.410000, 0.842152, 0.841316, 0.000836, 0.099271
1.420000, 0.839181, 0.838305, 0.000876, 0.104410
1.430000, 0.836242, 0.835327, 0.000915, 0.109396
1.440000, 0.833333, 0.832382, 0.000952, 0.114219
1.450000, 0.830455, 0.829468, 0.000987, 0.118871
1.460000, 0.827606, 0.826585, 0.001021, 0.123335
1.470000, 0.824786, 0.823734, 0.001052, 0.127580
1.480000, 0.821995, 0.820913, 0.001082, 0.131617
1.490000, 0.819232, 0.818123, 0.001109, 0.135415
1.500000, 0.816497, 0.815362, 0.001135, 0.138978
1.510000, 0.813789, 0.812631, 0.001158, 0.142290
1.520000, 0.811107, 0.809928, 0.001179, 0.145332
1.530000, 0.808452, 0.807255, 0.001197, 0.148117
1.540000, 0.805823, 0.804609, 0.001214, 0.150620
1.550000, 0.803219, 0.801992, 0.001228, 0.152852
1.560000, 0.800641, 0.799401, 0.001239, 0.154796
1.570000, 0.798087, 0.796838, 0.001249, 0.156456
1.580000, 0.795557, 0.794302, 0.001256, 0.157815
1.590000, 0.793052, 0.791791, 0.001260, 0.158900
1.600000, 0.790569, 0.789307, 0.001262, 0.159678
1.610000, 0.788110, 0.786848, 0.001262, 0.160161
1.620000, 0.785674, 0.784414, 0.001260, 0.160362
1.630000, 0.783261, 0.782005, 0.001255, 0.160263
1.640000, 0.780869, 0.779620, 0.001248, 0.159876
1.650000, 0.778499, 0.777260, 0.001239, 0.159199
1.660000, 0.776151, 0.774922, 0.001228, 0.158252
1.670000, 0.773823, 0.772608, 0.001215, 0.156995
1.680000, 0.771517, 0.770317, 0.001200, 0.155479
1.690000, 0.769231, 0.768048, 0.001182, 0.153709
1.700000, 0.766965, 0.765802, 0.001163, 0.151661
1.710000, 0.764719, 0.763577, 0.001142, 0.149363
1.720000, 0.762493, 0.761373, 0.001119, 0.146820
1.730000, 0.760286, 0.759191, 0.001095, 0.144032
1.740000, 0.758098, 0.757029, 0.001069, 0.141020
1.750000, 0.755929, 0.754887, 0.001042, 0.137790
1.760000, 0.753778, 0.752766, 0.001013, 0.134348
1.770000, 0.751646, 0.750664, 0.000982, 0.130700
1.780000, 0.749532, 0.748581, 0.000951, 0.126862
1.790000, 0.747435, 0.746517, 0.000918, 0.122856
1.800000, 0.745356, 0.744471, 0.000885, 0.118689
1.810000, 0.743294, 0.742444, 0.000850, 0.114367
1.820000, 0.741249, 0.740435, 0.000815, 0.109914
1.830000, 0.739221, 0.738443, 0.000779, 0.105337
1.840000, 0.737210, 0.736468, 0.000742, 0.100644
1.850000, 0.735215, 0.734510, 0.000705, 0.095883
1.860000, 0.733236, 0.732568, 0.000667, 0.091028
1.870000, 0.731272, 0.730643, 0.000630, 0.086113
1.880000, 0.729325, 0.728733, 0.000592, 0.081162
1.890000, 0.727393, 0.726839, 0.000554, 0.076174
1.900000, 0.725476, 0.724960, 0.000517, 0.071199
1.910000, 0.723575, 0.723095, 0.000479, 0.066221
1.920000, 0.721688, 0.721246, 0.000442, 0.061274
1.930000, 0.719816, 0.719410, 0.000406, 0.056366
1.940000, 0.717958, 0.717588, 0.000370, 0.051530
1.950000, 0.716115, 0.715780, 0.000335, 0.046794
1.960000, 0.714286, 0.713985, 0.000301, 0.042149
1.970000, 0.712471, 0.712202, 0.000268, 0.037638
1.980000, 0.710669, 0.710433, 0.000236, 0.033255
1.990000, 0.708881, 0.708675, 0.000206, 0.029059
2.000000, 0.707107, 0.706930, 0.000177, 0.025052
2.010000, 0.705346, 0.705148, 0.000198, 0.028081
2.020000, 0.703598, 0.703378, 0.000220, 0.031226
2.030000, 0.701862, 0.701621, 0.000242, 0.034470
2.040000, 0.700140, 0.699875, 0.000265, 0.037799
2.050000, 0.698430, 0.698143, 0.000288, 0.041211
2.060000, 0.696733, 0.696422, 0.000311, 0.044691
2.070000, 0.695048, 0.694713, 0.000335, 0.048229
2.080000, 0.693375, 0.693016, 0.000359, 0.051836
2.090000, 0.691715, 0.691331, 0.000384, 0.055476
2.100000, 0.690066, 0.689657, 0.000408, 0.059158
2.110000, 0.688428, 0.687996, 0.000433, 0.062875
2.120000, 0.686803, 0.686345, 0.000457, 0.066608
2.130000, 0.685189, 0.684707, 0.000482, 0.070358
2.140000, 0.683586, 0.683079, 0.000507, 0.074115
2.150000, 0.681994, 0.681463, 0.000531, 0.077871
2.160000, 0.680414, 0.679859, 0.000555, 0.081626
2.170000, 0.678844, 0.678265, 0.000579, 0.085362
2.180000, 0.677286, 0.676682, 0.000603, 0.089088
2.190000, 0.675737, 0.675110, 0.000627, 0.092785
2.200000, 0.674200, 0.673550, 0.000650, 0.096462
2.210000, 0.672673, 0.672000, 0.000673, 0.100092
2.220000, 0.671156, 0.670460, 0.000696, 0.103684
2.230000, 0.669650, 0.668932, 0.000718, 0.107229
2.240000, 0.668153, 0.667413, 0.000740, 0.110725
2.250000, 0.666667, 0.665906, 0.000761, 0.114164
2.260000, 0.665190, 0.664408, 0.000782, 0.117544
2.270000, 0.663723, 0.662921, 0.000802, 0.120857
2.279999, 0.662266, 0.661444, 0.000822, 0.124102
2.289999, 0.660819, 0.659978, 0.000841, 0.127279
2.299999, 0.659381, 0.658521, 0.000860, 0.130368
2.309999, 0.657952, 0.657074, 0.000878, 0.133386
2.319999, 0.656532, 0.655637, 0.000895, 0.136308
2.329999, 0.655122, 0.654210, 0.000912, 0.139149
2.339999, 0.653721, 0.652793, 0.000928, 0.141900
2.349999, 0.652328, 0.651385, 0.000943, 0.144542
2.359999, 0.650945, 0.649987, 0.000958, 0.147111
2.369999, 0.649570, 0.648598, 0.000972, 0.149569
2.379999, 0.648204, 0.647219, 0.000985, 0.151935
2.389999, 0.646846, 0.645849, 0.000997, 0.154180
2.399999, 0.645497, 0.644488, 0.001009, 0.156330
2.409999, 0.644157, 0.643137, 0.001020, 0.158358
2.419999, 0.642824, 0.641794, 0.001030, 0.160290
2.429999, 0.641500, 0.640460, 0.001040, 0.162108
2.439999, 0.640184, 0.639136, 0.001049, 0.163810
2.449999, 0.638877, 0.637820, 0.001057, 0.165386
2.459999, 0.637577, 0.636513, 0.001064, 0.166854
2.469999, 0.636285, 0.635215, 0.001070, 0.168214
2.479999, 0.635001, 0.633925, 0.001076, 0.169446
2.489999, 0.633724, 0.632643, 0.001081, 0.170558
2.499999, 0.632456, 0.631371, 0.001085, 0.171551
2.509999, 0.631194, 0.630106, 0.001088, 0.172422
2.519999, 0.629941, 0.628850, 0.001091, 0.173182
2.529999, 0.628695, 0.627602, 0.001093, 0.173800
2.539999, 0.627456, 0.626362, 0.001094, 0.174305
2.549999, 0.626224, 0.625130, 0.001094, 0.174695
2.559999, 0.625000, 0.623907, 0.001093, 0.174942
2.569999, 0.623783, 0.622691, 0.001092, 0.175092
2.579999, 0.622573, 0.621483, 0.001090, 0.175117
2.589999, 0.621370, 0.620282, 0.001087, 0.175005
2.599999, 0.620174, 0.619090, 0.001084, 0.174785
2.609999, 0.618985, 0.617905, 0.001080, 0.174456
2.619999, 0.617802, 0.616727, 0.001075, 0.173989
2.629999, 0.616626, 0.615557, 0.001069, 0.173403
2.639999, 0.615458, 0.614395, 0.001063, 0.172715
2.649999, 0.614295, 0.613239, 0.001056, 0.171907
2.659999, 0.613139, 0.612091, 0.001048, 0.170967
2.669999, 0.611990, 0.610950, 0.001040, 0.169944
2.679999, 0.610847, 0.609816, 0.001031, 0.168789
2.689999, 0.609711, 0.608689, 0.001022, 0.167539
2.699999, 0.608581, 0.607570, 0.001011, 0.166156
2.709999, 0.607457, 0.606456, 0.001000, 0.164687
2.719999, 0.606339, 0.605350, 0.000989, 0.163113
2.729999, 0.605228, 0.604251, 0.000977, 0.161443
2.739999, 0.604122, 0.603158, 0.000964, 0.159647
2.749999, 0.603023, 0.602071, 0.000951, 0.157763
2.759999, 0.601929, 0.600992, 0.000938, 0.155792
2.770000, 0.600842, 0.599918, 0.000924, 0.153723
2.779999, 0.599760, 0.598851, 0.000909, 0.151576
2.789999, 0.598684, 0.597790, 0.000894, 0.149309
2.799999, 0.597614, 0.596736, 0.000878, 0.146973
2.809999, 0.596550, 0.595688, 0.000862, 0.144568
2.819999, 0.595491, 0.594645, 0.000846, 0.142072
2.829999, 0.594438, 0.593609, 0.000829, 0.139486
2.839999, 0.593391, 0.592579, 0.000812, 0.136850
2.849999, 0.592349, 0.591554, 0.000795, 0.134132
2.859999, 0.591312, 0.590536, 0.000777, 0.131353
2.869999, 0.590281, 0.589523, 0.000758, 0.128493
2.879999, 0.589256, 0.588516, 0.000740, 0.125601
2.889999, 0.588235, 0.587514, 0.000721, 0.122627
2.899999, 0.587220, 0.586518, 0.000702, 0.119611
2.909999, 0.586210, 0.585527, 0.000683, 0.116543
2.919999, 0.585206, 0.584542, 0.000664, 0.113423
2.929999, 0.584206, 0.583562, 0.000644, 0.110281
2.939999, 0.583212, 0.582587, 0.000624, 0.107065
2.949999, 0.582223, 0.581618, 0.000605, 0.103838
2.959999, 0.581238, 0.580654, 0.000585, 0.100589
2.969999, 0.580259, 0.579694, 0.000565, 0.097297
2.979999, 0.579284, 0.578740, 0.000544, 0.093983
2.989999, 0.578315, 0.577791, 0.000524, 0.090657
2.999999, 0.577350, 0.576846, 0.000504, 0.087319
3.009999, 0.576391, 0.575906, 0.000484, 0.083979
3.020000, 0.575435, 0.574971, 0.000464, 0.080628
3.029999, 0.574485, 0.574041, 0.000444, 0.077265
3.039999, 0.573539, 0.573115, 0.000424, 0.073921
3.049999, 0.572598, 0.572194, 0.000404, 0.070587
3.059999, 0.571662, 0.571277, 0.000385, 0.067262
3.069999, 0.570730, 0.570365, 0.000365, 0.063956
3.079999, 0.569803, 0.569457, 0.000346, 0.060682
3.089999, 0.568880, 0.568554, 0.000327, 0.057417
3.099999, 0.567962, 0.567654, 0.000308, 0.054204
3.109999, 0.567048, 0.566759, 0.000289, 0.051022
3.119999, 0.566139, 0.565867, 0.000271, 0.047893
3.129999, 0.565233, 0.564980, 0.000253, 0.044806
3.139999, 0.564333, 0.564097, 0.000236, 0.041783
3.149999, 0.563436, 0.563218, 0.000219, 0.038814
3.159999, 0.562544, 0.562342, 0.000202, 0.035898
3.169999, 0.561656, 0.561470, 0.000186, 0.033079
3.179999, 0.560772, 0.560602, 0.000170, 0.030314
3.189999, 0.559893, 0.559738, 0.000155, 0.027647
3.199999, 0.559017, 0.558877, 0.000140, 0.025046
3.209999, 0.558146, 0.558020, 0.000126, 0.022554
3.219999, 0.557278, 0.557166, 0.000112, 0.020151
3.229999, 0.556415, 0.556316, 0.000099, 0.017857
3.239999, 0.555556, 0.555468, 0.000087, 0.015675
3.249999, 0.554700, 0.554625, 0.000076, 0.013614
3.259999, 0.553849, 0.553784, 0.000065, 0.011666
3.270000, 0.553001, 0.552947, 0.000054, 0.009851
3.279999, 0.552158, 0.552113, 0.000045, 0.008161
3.289999, 0.551318, 0.551281, 0.000036, 0.006617
3.299999, 0.550482, 0.550453, 0.000029, 0.005219
3.309999, 0.549650, 0.549628, 0.000022, 0.003980
3.319999, 0.548821, 0.548806, 0.000016, 0.002878
3.329999, 0.547997, 0.547986, 0.000011, 0.001947
3.339999, 0.547176, 0.547169, 0.000007, 0.001209
3.349999, 0.546358, 0.546355, 0.000003, 0.000622
3.359999, 0.545545, 0.545543, 0.000001, 0.000240
3.369999, 0.544735, 0.544735, 0.000000, 0.000033
3.379999, 0.543928, 0.543928, 0.000000, 0.000011
3.389999, 0.543126, 0.543124, 0.000001, 0.000219
3.399999, 0.542326, 0.542323, 0.000003, 0.000615
3.409999, 0.541530, 0.541524, 0.000007, 0.001233
3.419999, 0.540738, 0.540727, 0.000011, 0.002072
3.429999, 0.539949, 0.539932, 0.000017, 0.003146
3.439999, 0.539164, 0.539140, 0.000024, 0.004444
3.449999, 0.538382, 0.538350, 0.000032, 0.006012
3.459999, 0.537603, 0.537562, 0.000042, 0.007783
3.469999, 0.536828, 0.536775, 0.000053, 0.009837
3.479999, 0.536056, 0.535991, 0.000065, 0.012153
3.489999, 0.535288, 0.535209, 0.000079, 0.014732
3.499999, 0.534523, 0.534429, 0.000094, 0.017574
3.509999, 0.533761, 0.533650, 0.000111, 0.020726
3.520000, 0.533002, 0.532873, 0.000129, 0.024144
3.529999, 0.532246, 0.532098, 0.000148, 0.027874
3.539999, 0.531494, 0.531325, 0.000169, 0.031883
3.549999, 0.530745, 0.530553, 0.000192, 0.036229
3.559999, 0.529999, 0.529782, 0.000217, 0.040880
3.569999, 0.529256, 0.529013, 0.000243, 0.045859
3.579999, 0.528516, 0.528246, 0.000270, 0.051167
3.589999, 0.527780, 0.527480, 0.000300, 0.056817
3.599999, 0.527046, 0.526715, 0.000331, 0.062800
3.609999, 0.526316, 0.525952, 0.000364, 0.069138
3.619999, 0.525588, 0.525190, 0.000399, 0.075846
3.629999, 0.524864, 0.524429, 0.000435, 0.082923
3.639999, 0.524142, 0.523669, 0.000474, 0.090349
3.649999, 0.523424, 0.522910, 0.000514, 0.098171
3.659999, 0.522708, 0.522152, 0.000556, 0.106379
3.669999, 0.521996, 0.521396, 0.000600, 0.114997
3.679999, 0.521286, 0.520640, 0.000646, 0.124003
3.689999, 0.520579, 0.519885, 0.000695, 0.133435
3.699999, 0.519875, 0.519130, 0.000745, 0.143269
3.709999, 0.519174, 0.518377, 0.000797, 0.153519
3.719999, 0.518476, 0.517624, 0.000851, 0.164211
3.729999, 0.517780, 0.516874, 0.000907, 0.175102
3.739999, 0.517088, 0.516187, 0.000901, 0.174242
3.749999, 0.516398, 0.515502, 0.000896, 0.173436
3.759999, 0.515711, 0.514820, 0.000890, 0.172673
3.770000, 0.515026, 0.514141, 0.000886, 0.171977
3.779999, 0.514345, 0.513463, 0.000881, 0.171312
3.789999, 0.513665, 0.512789, 0.000877, 0.170715
3.799999, 0.512989, 0.512116, 0.000873, 0.170161
3.809999, 0.512316, 0.511446, 0.000869, 0.169664
3.819999, 0.511645, 0.510779, 0.000866, 0.169199
3.829999, 0.510976, 0.510114, 0.000863, 0.168802
3.839999, 0.510310, 0.509451, 0.000860, 0.168450
3.849999, 0.509647, 0.508790, 0.000857, 0.168143
3.859999, 0.508987, 0.508132, 0.000854, 0.167869
3.869999, 0.508329, 0.507476, 0.000852, 0.167665
3.879999, 0.507673, 0.506823, 0.000850, 0.167505
3.889999, 0.507020, 0.506172, 0.000849, 0.167380
3.899999, 0.506370, 0.505522, 0.000847, 0.167313
3.909999, 0.505722, 0.504876, 0.000846, 0.167303
3.919999, 0.505076, 0.504231, 0.000845, 0.167316
3.929999, 0.504433, 0.503589, 0.000844, 0.167388
3.939999, 0.503793, 0.502949, 0.000844, 0.167506
3.949999, 0.503155, 0.502311, 0.000844, 0.167659
3.959999, 0.502519, 0.501675, 0.000844, 0.167871
3.969999, 0.501886, 0.501042, 0.000844, 0.168131
3.979999, 0.501255, 0.500410, 0.000844, 0.168437
3.989999, 0.500626, 0.499781, 0.000845, 0.168786
3.999999, 0.500000, 0.499154, 0.000846, 0.169188
4.009999, 0.499376, 0.498560, 0.000816, 0.163449
4.020000, 0.498755, 0.497968, 0.000787, 0.157821
4.029999, 0.498136, 0.497377, 0.000759, 0.152339
4.039999, 0.497519, 0.496787, 0.000731, 0.146981
4.049999, 0.496904, 0.496200, 0.000704, 0.141741
4.059999, 0.496292, 0.495614, 0.000678, 0.136620
4.069999, 0.495682, 0.495029, 0.000652, 0.131623
4.079999, 0.495074, 0.494446, 0.000627, 0.126734
4.089999, 0.494468, 0.493865, 0.000603, 0.121983
4.099999, 0.493865, 0.493285, 0.000579, 0.117329
4.109999, 0.493264, 0.492707, 0.000556, 0.112790
4.119999, 0.492665, 0.492131, 0.000534, 0.108378
4.129999, 0.492068, 0.491556, 0.000512, 0.104051
4.139999, 0.491473, 0.490983, 0.000491, 0.099854
4.149999, 0.490881, 0.490411, 0.000470, 0.095761
4.159999, 0.490290, 0.489840, 0.000450, 0.091773
4.169999, 0.489702, 0.489272, 0.000430, 0.087885
4.179999, 0.489116, 0.488705, 0.000411, 0.084115
4.189999, 0.488532, 0.488139, 0.000393, 0.080434
4.199999, 0.487950, 0.487575, 0.000375, 0.076871
4.209999, 0.487370, 0.487013, 0.000358, 0.073379
4.219998, 0.486793, 0.486452, 0.000341, 0.070013
4.229999, 0.486217, 0.485892, 0.000324, 0.066737
4.239998, 0.485643, 0.485334, 0.000309, 0.063545
4.249999, 0.485071, 0.484778, 0.000293, 0.060456
4.259998, 0.484502, 0.484223, 0.000278, 0.057464
4.269998, 0.483934, 0.483670, 0.000264, 0.054557
4.279998, 0.483368, 0.483118, 0.000250, 0.051747
4.289998, 0.482805, 0.482568, 0.000237, 0.049012
4.299998, 0.482243, 0.482019, 0.000224, 0.046387
4.309998, 0.481683, 0.481472, 0.000211, 0.043848
4.319998, 0.481125, 0.480926, 0.000199, 0.041378
4.329998, 0.480569, 0.480382, 0.000187, 0.039001
4.339998, 0.480015, 0.479839, 0.000176, 0.036693
4.349998, 0.479463, 0.479298, 0.000165, 0.034485
4.359998, 0.478913, 0.478758, 0.000155, 0.032347
4.369998, 0.478365, 0.478220, 0.000145, 0.030297
4.379998, 0.477819, 0.477683, 0.000135, 0.028317
4.389998, 0.477274, 0.477148, 0.000126, 0.026426
4.399998, 0.476731, 0.476614, 0.000117, 0.024599
4.409997, 0.476191, 0.476082, 0.000109, 0.022850
4.419998, 0.475652, 0.475551, 0.000101, 0.021184
4.429997, 0.475114, 0.475021, 0.000093, 0.019590
4.439998, 0.474579, 0.474493, 0.000086, 0.018054
4.449997, 0.474046, 0.473967, 0.000079, 0.016597
4.459998, 0.473514, 0.473442, 0.000072, 0.015200
4.469997, 0.472984, 0.472918, 0.000066, 0.013887
4.479998, 0.472456, 0.472396, 0.000060, 0.012629
4.489997, 0.471929, 0.471875, 0.000054, 0.011455
4.499997, 0.471405, 0.471356, 0.000049, 0.010324
4.509997, 0.470882, 0.470838, 0.000044, 0.009272
4.519997, 0.470361, 0.470322, 0.000039, 0.008275
4.529997, 0.469841, 0.469807, 0.000035, 0.007345
4.539997, 0.469323, 0.469293, 0.000030, 0.006471
4.549997, 0.468807, 0.468781, 0.000027, 0.005664
4.559997, 0.468293, 0.468270, 0.000023, 0.004900
4.569997, 0.467780, 0.467761, 0.000020, 0.004205
4.579997, 0.467269, 0.467253, 0.000017, 0.003565
4.589997, 0.466760, 0.466746, 0.000014, 0.002995
4.599997, 0.466253, 0.466241, 0.000011, 0.002461
4.609997, 0.465747, 0.465737, 0.000009, 0.001990
4.619997, 0.465242, 0.465235, 0.000007, 0.001563
4.629997, 0.464740, 0.464734, 0.000006, 0.001206
4.639997, 0.464239, 0.464234, 0.000004, 0.000879
4.649997, 0.463739, 0.463736, 0.000003, 0.000604
4.659997, 0.463241, 0.463239, 0.000002, 0.000386
4.669997, 0.462745, 0.462744, 0.000001, 0.000232
4.679996, 0.462250, 0.462250, 0.000001, 0.000110
4.689996, 0.461757, 0.461757, 0.000000, 0.000039
4.699996, 0.461266, 0.461266, -0.000000, 0.000006
4.709996, 0.460776, 0.460776, 0.000000, 0.000013
4.719996, 0.460288, 0.460287, 0.000000, 0.000078
4.729996, 0.459801, 0.459800, 0.000001, 0.000175
4.739996, 0.459315, 0.459314, 0.000001, 0.000318
4.749996, 0.458832, 0.458829, 0.000002, 0.000507
4.759996, 0.458349, 0.458346, 0.000003, 0.000728
4.769996, 0.457869, 0.457864, 0.000005, 0.000989
4.779996, 0.457390, 0.457384, 0.000006, 0.001303
4.789996, 0.456912, 0.456904, 0.000008, 0.001644
4.799996, 0.456436, 0.456426, 0.000009, 0.002024
4.809996, 0.455961, 0.455950, 0.000011, 0.002438
4.819996, 0.455488, 0.455475, 0.000013, 0.002899
4.829996, 0.455016, 0.455001, 0.000015, 0.003380
4.839996, 0.454546, 0.454528, 0.000018, 0.003901
4.849996, 0.454077, 0.454057, 0.000020, 0.004463
4.859996, 0.453609, 0.453587, 0.000023, 0.005046
4.869996, 0.453143, 0.453118, 0.000026, 0.005663
4.879996, 0.452679, 0.452650, 0.000029, 0.006320
4.889996, 0.452216, 0.452184, 0.000032, 0.006986
4.899996, 0.451754, 0.451719, 0.000035, 0.007699
4.909996, 0.451294, 0.451256, 0.000038, 0.008433
4.919995, 0.450835, 0.450794, 0.000042, 0.009208
4.929996, 0.450378, 0.450332, 0.000045, 0.010005
4.939995, 0.449921, 0.449873, 0.000049, 0.010823
4.949996, 0.449467, 0.449414, 0.000052, 0.011670
4.959995, 0.449013, 0.448957, 0.000056, 0.012538
4.969995, 0.448562, 0.448501, 0.000060, 0.013434
4.979995, 0.448111, 0.448047, 0.000064, 0.014359
4.989995, 0.447662, 0.447593, 0.000068, 0.015299
4.999995, 0.447214, 0.447141, 0.000073, 0.016267
5.009995, 0.446767, 0.446690, 0.000077, 0.017264
5.019995, 0.446322, 0.446241, 0.000081, 0.018256
5.029995, 0.445878, 0.445792, 0.000086, 0.019290
5.039995, 0.445436, 0.445345, 0.000091, 0.020339
5.049995, 0.444994, 0.444899, 0.000095, 0.021418
5.059995, 0.444554, 0.444454, 0.000100, 0.022498
5.069995, 0.444116, 0.444011, 0.000105, 0.023607
5.079995, 0.443678, 0.443569, 0.000110, 0.024726
5.089995, 0.443242, 0.443128, 0.000115, 0.025873
5.099995, 0.442808, 0.442688, 0.000120, 0.027022
5.109994, 0.442374, 0.442249, 0.000125, 0.028187
5.119995, 0.441942, 0.441812, 0.000130, 0.029375
5.129994, 0.441511, 0.441376, 0.000135, 0.030578
5.139995, 0.441081, 0.440941, 0.000140, 0.031797
5.149994, 0.440653, 0.440507, 0.000146, 0.033032
5.159995, 0.440226, 0.440075, 0.000151, 0.034262
5.169994, 0.439800, 0.439644, 0.000156, 0.035515
5.179995, 0.439375, 0.439213, 0.000162, 0.036777
5.189994, 0.438952, 0.438784, 0.000167, 0.038068
5.199995, 0.438529, 0.438357, 0.000173, 0.039342
5.209994, 0.438108, 0.437930, 0.000178, 0.040638
5.219995, 0.437688, 0.437505, 0.000184, 0.041950
5.229994, 0.437270, 0.437081, 0.000189, 0.043258
5.239995, 0.436852, 0.436657, 0.000195, 0.044582
5.249994, 0.436436, 0.436236, 0.000200, 0.045915
5.259995, 0.436021, 0.435815, 0.000206, 0.047258
5.269995, 0.435607, 0.435395, 0.000212, 0.048602
5.279994, 0.435194, 0.434977, 0.000217, 0.049950
5.289995, 0.434783, 0.434560, 0.000223, 0.051327
5.299994, 0.434372, 0.434144, 0.000229, 0.052679
5.309995, 0.433963, 0.433729, 0.000235, 0.054054
5.319994, 0.433555, 0.433315, 0.000240, 0.055418
5.329995, 0.433148, 0.432902, 0.000246, 0.056798
5.339994, 0.432743, 0.432491, 0.000252, 0.058194
5.349995, 0.432338, 0.432080, 0.000258, 0.059572
5.359994, 0.431934, 0.431671, 0.000263, 0.060952
5.369995, 0.431532, 0.431263, 0.000269, 0.062342
5.379994, 0.431131, 0.430856, 0.000275, 0.063734
5.389995, 0.430731, 0.430450, 0.000281, 0.065129
5.399994, 0.430332, 0.430045, 0.000286, 0.066519
5.409995, 0.429934, 0.429642, 0.000292, 0.067925
5.419994, 0.429537, 0.429239, 0.000298, 0.069320
5.429995, 0.429141, 0.428838, 0.000303, 0.070717
5.439994, 0.428747, 0.428438, 0.000309, 0.072096
5.449995, 0.428353, 0.428038, 0.000315, 0.073498
5.459994, 0.427961, 0.427640, 0.000320, 0.074889
5.469995, 0.427569, 0.427243, 0.000326, 0.076282
5.479994, 0.427179, 0.426847, 0.000332, 0.077663
5.489995, 0.426790, 0.426452, 0.000337, 0.079046
5.499994, 0.426402, 0.426059, 0.000343, 0.080432
5.509995, 0.426015, 0.425666, 0.000349, 0.081814
5.519995, 0.425628, 0.425274, 0.000354, 0.083183
5.529994, 0.425243, 0.424884, 0.000360, 0.084555
5.539995, 0.424860, 0.424494, 0.000365, 0.085936
5.549994, 0.424477, 0.424106, 0.000370, 0.087278
5.559995, 0.424095, 0.423719, 0.000376, 0.088635
5.569994, 0.423714, 0.423333, 0.000381, 0.089988
5.579995, 0.423334, 0.422947, 0.000387, 0.091336
5.589994, 0.422955, 0.422563, 0.000392, 0.092672
5.599995, 0.422577, 0.422180, 0.000397, 0.094010
5.609994, 0.422201, 0.421798, 0.000403, 0.095336
5.619995, 0.421825, 0.421417, 0.000408, 0.096658
5.629994, 0.421450, 0.421037, 0.000413, 0.097967
5.639995, 0.421076, 0.420658, 0.000418, 0.099278
5.649994, 0.420703, 0.420280, 0.000423, 0.100563
5.659995, 0.420332, 0.419903, 0.000428, 0.101851
5.669994, 0.419961, 0.419528, 0.000433, 0.103133
5.679995, 0.419591, 0.419153, 0.000438, 0.104410
5.689994, 0.419222, 0.418779, 0.000443, 0.105668
5.699995, 0.418854, 0.418406, 0.000448, 0.106913
5.709994, 0.418487, 0.418035, 0.000453, 0.108153
5.719995, 0.418121, 0.417664, 0.000457, 0.109403
5.729994, 0.417756, 0.417294, 0.000462, 0.110618
5.739995, 0.417392, 0.416925, 0.000467, 0.111836
5.749994, 0.417029, 0.416558, 0.000471, 0.113027
5.759995, 0.416667, 0.416191, 0.000476, 0.114226
5.769995, 0.416306, 0.415825, 0.000480, 0.115414
5.779994, 0.415945, 0.415460, 0.000485, 0.116567
5.789995, 0.415586, 0.415097, 0.000489, 0.117736
5.799994, 0.415228, 0.414734, 0.000494, 0.118878
5.809995, 0.414870, 0.414372, 0.000498, 0.120015
5.819994, 0.414514, 0.414011, 0.000502, 0.121125
5.829995, 0.414158, 0.413652, 0.000506, 0.122236
5.839994, 0.413803, 0.413293, 0.000510, 0.123328
5.849995, 0.413449, 0.412935, 0.000514, 0.124414
5.859994, 0.413096, 0.412578, 0.000518, 0.125487
5.869995, 0.412744, 0.412222, 0.000522, 0.126540
5.879994, 0.412393, 0.411867, 0.000526, 0.127580
5.889995, 0.412043, 0.411513, 0.000530, 0.128614
5.899994, 0.411694, 0.411160, 0.000534, 0.129635
5.909995, 0.411345, 0.410808, 0.000537, 0.130629
5.919994, 0.410998, 0.410457, 0.000541, 0.131610
5.929995, 0.410651, 0.410106, 0.000544, 0.132592
5.939994, 0.410305, 0.409757, 0.000548, 0.133553
5.949995, 0.409960, 0.409409, 0.000551, 0.134501
5.959994, 0.409616, 0.409061, 0.000555, 0.135415
5.969995, 0.409273, 0.408715, 0.000558, 0.136329
5.979994, 0.408931, 0.408369, 0.000561, 0.137231
5.989995, 0.408589, 0.408025, 0.000564, 0.138104
5.999994, 0.408248, 0.407681, 0.000567, 0.138978
6.009995, 0.407909, 0.407338, 0.000570, 0.139817
6.019995, 0.407570, 0.406996, 0.000573, 0.140665
6.029994, 0.407232, 0.406656, 0.000576, 0.141477
6.039995, 0.406894, 0.406315, 0.000579, 0.142283
6.049994, 0.406558, 0.405976, 0.000582, 0.143075
6.059995, 0.406222, 0.405638, 0.000584, 0.143839
6.069994, 0.405888, 0.405301, 0.000587, 0.144589
6.079995, 0.405554, 0.404964, 0.000589, 0.145340
6.089994, 0.405221, 0.404629, 0.000592, 0.146062
6.099995, 0.404888, 0.404294, 0.000594, 0.146756
6.109994, 0.404557, 0.403960, 0.000596, 0.147444
6.119995, 0.404226, 0.403627, 0.000599, 0.148117
6.129994, 0.403896, 0.403296, 0.000601, 0.148769
6.139995, 0.403567, 0.402964, 0.000603, 0.149408
6.149994, 0.403239, 0.402634, 0.000605, 0.150017
6.159995, 0.402912, 0.402305, 0.000607, 0.150627
6.169994, 0.402585, 0.401976, 0.000609, 0.151208
6.179995, 0.402259, 0.401649, 0.000611, 0.151775
6.189994, 0.401934, 0.401322, 0.000612, 0.152313
6.199995, 0.401610, 0.400996, 0.000614, 0.152852
6.209994, 0.401286, 0.400671, 0.000615, 0.153361
6.219995, 0.400964, 0.400347, 0.000617, 0.153864
6.229994, 0.400642, 0.400023, 0.000618, 0.154337
6.239995, 0.400321, 0.399701, 0.000620, 0.154803
6.249994, 0.400000, 0.399379, 0.000621, 0.155240
6.259995, 0.399681, 0.399058, 0.000622, 0.155663
6.269995, 0.399362, 0.398738, 0.000623, 0.156078
6.279994, 0.399044, 0.398419, 0.000624, 0.156456
6.289995, 0.398726, 0.398101, 0.000625, 0.156820
6.299994, 0.398410, 0.397784, 0.000626, 0.157169
6.309995, 0.398094, 0.397467, 0.000627, 0.157511
6.319994, 0.397779, 0.397151, 0.000628, 0.157823
6.329995, 0.397464, 0.396836, 0.000628, 0.158113
6.339994, 0.397151, 0.396522, 0.000629, 0.158395
6.349995, 0.396838, 0.396208, 0.000630, 0.158648
6.359994, 0.396526, 0.395896, 0.000630, 0.158893
6.369995, 0.396215, 0.395584, 0.000630, 0.159123
6.379994, 0.395904, 0.395273, 0.000631, 0.159331
6.389995, 0.395594, 0.394963, 0.000631, 0.159508
6.399994, 0.395285, 0.394654, 0.000631, 0.159678
6.409995, 0.394976, 0.394345, 0.000631, 0.159833
6.419994, 0.394669, 0.394037, 0.000631, 0.159958
6.429995, 0.394362, 0.393730, 0.000631, 0.160067
6.439994, 0.394055, 0.393424, 0.000631, 0.160161
6.449995, 0.393750, 0.393119, 0.000631, 0.160240
6.459994, 0.393445, 0.392814, 0.000631, 0.160296
6.469995, 0.393141, 0.392510, 0.000630, 0.160337
6.479994, 0.392837, 0.392207, 0.000630, 0.160370
6.489995, 0.392534, 0.391905, 0.000629, 0.160364
6.499994, 0.392232, 0.391603, 0.000629, 0.160351
6.509995, 0.391931, 0.391303, 0.000628, 0.160315
6.519995, 0.391630, 0.391003, 0.000628, 0.160270
6.529994, 0.391330, 0.390704, 0.000627, 0.160195
6.539995, 0.391031, 0.390405, 0.000626, 0.160112
6.549994, 0.390732, 0.390107, 0.000625, 0.159998
6.559995, 0.390435, 0.389810, 0.000624, 0.159883
6.569994, 0.390137, 0.389514, 0.000623, 0.159730
6.579995, 0.389841, 0.389219, 0.000622, 0.159576
6.589994, 0.389545, 0.388924, 0.000621, 0.159399
6.599995, 0.389250, 0.388630, 0.000620, 0.159191
6.609994, 0.388955, 0.388337, 0.000618, 0.158982
6.619995, 0.388661, 0.388044, 0.000617, 0.158749
6.629994, 0.388368, 0.387752, 0.000616, 0.158509
6.639995, 0.388075, 0.387461, 0.000614, 0.158236
6.649994, 0.387784, 0.387171, 0.000613, 0.157956
6.659995, 0.387492, 0.386881, 0.000611, 0.157644
6.669994, 0.387202, 0.386593, 0.000609, 0.157331
6.679995, 0.386912, 0.386304, 0.000607, 0.157002
6.689994, 0.386623, 0.386017, 0.000606, 0.156650
6.699995, 0.386334, 0.385730, 0.000604, 0.156288
6.709994, 0.386046, 0.385444, 0.000602, 0.155888
6.719995, 0.385759, 0.385159, 0.000600, 0.155494
6.729994, 0.385472, 0.384874, 0.000598, 0.155068
6.739995, 0.385186, 0.384590, 0.000596, 0.154634
6.749994, 0.384900, 0.384307, 0.000593, 0.154176
6.759995, 0.384616, 0.384024, 0.000591, 0.153709
6.769995, 0.384331, 0.383743, 0.000589, 0.153218
6.779994, 0.384048, 0.383461, 0.000587, 0.152718
6.789995, 0.383765, 0.383181, 0.000584, 0.152194
6.799994, 0.383483, 0.382901, 0.000582, 0.151661
6.809995, 0.383201, 0.382622, 0.000579, 0.151111
6.819994, 0.382920, 0.382343, 0.000576, 0.150545
6.829995, 0.382639, 0.382066, 0.000574, 0.149954
6.839994, 0.382360, 0.381789, 0.000571, 0.149362
6.849995, 0.382080, 0.381512, 0.000568, 0.148746
6.859994, 0.381802, 0.381236, 0.000565, 0.148113
6.869995, 0.381524, 0.380961, 0.000563, 0.147471
6.879994, 0.381247, 0.380687, 0.000560, 0.146812
6.889995, 0.380970, 0.380413, 0.000557, 0.146145
6.899994, 0.380694, 0.380140, 0.000554, 0.145452
6.909995, 0.380418, 0.379867, 0.000551, 0.144751
6.919994, 0.380143, 0.379596, 0.000548, 0.144032
6.929995, 0.379869, 0.379324, 0.000544, 0.143297
6.939994, 0.379595, 0.379054, 0.000541, 0.142552
6.949995, 0.379322, 0.378784, 0.000538, 0.141791
6.959994, 0.379049, 0.378515, 0.000535, 0.141020
6.969995, 0.378777, 0.378246, 0.000531, 0.140224
6.979994, 0.378506, 0.377978, 0.000528, 0.139435
6.989995, 0.378235, 0.377711, 0.000524, 0.138605
6.999994, 0.377965, 0.377444, 0.000521, 0.137782
7.009995, 0.377695, 0.377178, 0.000517, 0.136941
7.019995, 0.377426, 0.376912, 0.000514, 0.136083
7.029994, 0.377157, 0.376647, 0.000510, 0.135224
7.039995, 0.376889, 0.376383, 0.000506, 0.134340
7.049994, 0.376622, 0.376119, 0.000503, 0.133446
7.059995, 0.376355, 0.375856, 0.000499, 0.132535
7.069994, 0.376089, 0.375594, 0.000495, 0.131622
7.079995, 0.375823, 0.375332, 0.000491, 0.130692
7.089994, 0.375558, 0.375071, 0.000487, 0.129753
7.099995, 0.375293, 0.374810, 0.000483, 0.128804
7.109994, 0.375029, 0.374550, 0.000479, 0.127846
7.119995, 0.374766, 0.374291, 0.000475, 0.126870
7.129994, 0.374503, 0.374032, 0.000471, 0.125877
7.139995, 0.374241, 0.373773, 0.000467, 0.124882
7.149994, 0.373979, 0.373516, 0.000463, 0.123870
7.159995, 0.373718, 0.373259, 0.000459, 0.122864
7.169994, 0.373457, 0.373002, 0.000455, 0.121833
7.179995, 0.373197, 0.372746, 0.000451, 0.120799
7.189994, 0.372937, 0.372491, 0.000447, 0.119741
7.199995, 0.372678, 0.372236, 0.000442, 0.118696
7.209994, 0.372420, 0.371982, 0.000438, 0.117619
7.219995, 0.372162, 0.371728, 0.000434, 0.116539
7.229994, 0.371904, 0.371475, 0.000429, 0.115450
7.239995, 0.371647, 0.371222, 0.000425, 0.114367
7.249994, 0.371391, 0.370970, 0.000421, 0.113266
7.259995, 0.371135, 0.370719, 0.000416, 0.112148
7.269995, 0.370880, 0.370468, 0.000412, 0.111036
7.279994, 0.370625, 0.370217, 0.000407, 0.109906
7.289995, 0.370371, 0.369968, 0.000403, 0.108782
7.299994, 0.370117, 0.369718, 0.000398, 0.107633
7.309995, 0.369863, 0.369470, 0.000394, 0.106490
7.319994, 0.369611, 0.369221, 0.000389, 0.105345
7.329995, 0.369359, 0.368974, 0.000385, 0.104183
7.339994, 0.369107, 0.368727, 0.000380, 0.103018
7.349995, 0.368856, 0.368480, 0.000376, 0.101836
7.359994, 0.368605, 0.368234, 0.000371, 0.100660
7.369995, 0.368355, 0.367988, 0.000366, 0.099467
7.379994, 0.368105, 0.367743, 0.000362, 0.098279
7.389995, 0.367856, 0.367499, 0.000357, 0.097082
7.399994, 0.367607, 0.367255, 0.000352, 0.095875
7.409995, 0.367359, 0.367012, 0.000348, 0.094674
7.419994, 0.367112, 0.366769, 0.000343, 0.093455
7.429995, 0.366865, 0.366526, 0.000338, 0.092243
7.439994, 0.366618, 0.366284, 0.000334, 0.091028
7.449995, 0.366372, 0.366043, 0.000329, 0.089804
7.459994, 0.366126, 0.365802, 0.000324, 0.088587
7.469995, 0.365881, 0.365561, 0.000320, 0.087351
7.479994, 0.365636, 0.365321, 0.000315, 0.086121
7.489995, 0.365392, 0.365082, 0.000310, 0.084882
7.499994, 0.365149, 0.364843, 0.000305, 0.083641
7.509995, 0.364905, 0.364605, 0.000301, 0.082398
7.519995, 0.364663, 0.364367, 0.000296, 0.081162
7.529994, 0.364420, 0.364129, 0.000291, 0.079924
7.539995, 0.364179, 0.363892, 0.000286, 0.078667
7.549994, 0.363937, 0.363656, 0.000282, 0.077434
7.559995, 0.363697, 0.363420, 0.000277, 0.076190
7.569994, 0.363456, 0.363184, 0.000272, 0.074937
7.579995, 0.363216, 0.362949, 0.000268, 0.073698
7.589994, 0.362977, 0.362714, 0.000263, 0.072450
7.599995, 0.362738, 0.362480, 0.000258, 0.071199
7.609994, 0.362500, 0.362246, 0.000254, 0.069947
7.619995, 0.362262, 0.362013, 0.000249, 0.068710
7.629994, 0.362024, 0.361780, 0.000244, 0.067454
7.639995, 0.361787, 0.361548, 0.000240, 0.066221
7.649994, 0.361551, 0.361316, 0.000235, 0.064979
7.659995, 0.361315, 0.361084, 0.000230, 0.063751
7.669994, 0.361079, 0.360854, 0.000226, 0.062505
7.679995, 0.360844, 0.360623, 0.000221, 0.061266
7.689994, 0.360609, 0.360393, 0.000217, 0.060041
7.699995, 0.360375, 0.360163, 0.000212, 0.058815
7.709994, 0.360141, 0.359934, 0.000207, 0.057587
7.719995, 0.359908, 0.359705, 0.000203, 0.056366
7.729994, 0.359675, 0.359477, 0.000198, 0.055159
7.739995, 0.359443, 0.359249, 0.000194, 0.053943
7.749994, 0.359211, 0.359021, 0.000189, 0.052733
7.759995, 0.358979, 0.358794, 0.000185, 0.051530
7.769995, 0.358748, 0.358568, 0.000181, 0.050334
7.779994, 0.358517, 0.358341, 0.000176, 0.049144
7.789995, 0.358287, 0.358115, 0.000172, 0.047962
7.799994, 0.358058, 0.357890, 0.000168, 0.046794
7.809995, 0.357828, 0.357665, 0.000163, 0.045616
7.819994, 0.357599, 0.357440, 0.000159, 0.044445
7.829995, 0.357371, 0.357216, 0.000155, 0.043298
7.839994, 0.357143, 0.356992, 0.000151, 0.042149
7.849995, 0.356915, 0.356769, 0.000146, 0.040998
7.859994, 0.356688, 0.356546, 0.000142, 0.039871
7.869995, 0.356462, 0.356324, 0.000138, 0.038751
7.879994, 0.356235, 0.356101, 0.000134, 0.037630
7.889995, 0.356010, 0.355880, 0.000130, 0.036515
7.899994, 0.355784, 0.355658, 0.000126, 0.035424
7.909995, 0.355559, 0.355437, 0.000122, 0.034340
7.919994, 0.355335, 0.355216, 0.000118, 0.033255
7.929995, 0.355111, 0.354996, 0.000114, 0.032202
7.939994, 0.354887, 0.354776, 0.000111, 0.031147
7.949995, 0.354664, 0.354557, 0.000107, 0.030091
7.959994, 0.354441, 0.354338, 0.000103, 0.029051
7.969995, 0.354218, 0.354119, 0.000099, 0.028034
7.979994, 0.353996, 0.353901, 0.000096, 0.027024
7.989995, 0.353775, 0.353683, 0.000092, 0.026039
7.999994, 0.353554, 0.353465, 0.000089, 0.025044
8.009995, 0.353333, 0.353242, 0.000091, 0.025802
8.019995, 0.353112, 0.353019, 0.000094, 0.026560
8.029995, 0.352892, 0.352796, 0.000096, 0.027312
8.039995, 0.352673, 0.352574, 0.000099, 0.028081
8.049995, 0.352454, 0.352352, 0.000102, 0.028868
8.059995, 0.352235, 0.352131, 0.000104, 0.029647
8.069995, 0.352017, 0.351910, 0.000107, 0.030427
8.079995, 0.351799, 0.351689, 0.000110, 0.031234
8.089995, 0.351581, 0.351469, 0.000113, 0.032033
8.099995, 0.351364, 0.351249, 0.000115, 0.032833
8.109995, 0.351148, 0.351029, 0.000118, 0.033651
8.119995, 0.350931, 0.350810, 0.000121, 0.034470
8.129995, 0.350715, 0.350592, 0.000124, 0.035290
8.139996, 0.350500, 0.350373, 0.000127, 0.036128
8.149996, 0.350285, 0.350155, 0.000129, 0.036959
8.159996, 0.350070, 0.349938, 0.000132, 0.037799
8.169996, 0.349856, 0.349721, 0.000135, 0.038648
8.179996, 0.349642, 0.349504, 0.000138, 0.039499
8.189997, 0.349428, 0.349287, 0.000141, 0.040342
8.199997, 0.349215, 0.349071, 0.000144, 0.041211
8.209997, 0.349002, 0.348856, 0.000147, 0.042082
8.219997, 0.348790, 0.348640, 0.000150, 0.042945
8.229998, 0.348578, 0.348425, 0.000153, 0.043809
8.239998, 0.348367, 0.348211, 0.000156, 0.044691
8.249997, 0.348155, 0.347997, 0.000159, 0.045574
8.259997, 0.347945, 0.347783, 0.000162, 0.046458
8.269998, 0.347734, 0.347569, 0.000165, 0.047352
8.279998, 0.347524, 0.347356, 0.000168, 0.048229
8.289997, 0.347314, 0.347144, 0.000171, 0.049134
8.299997, 0.347105, 0.346931, 0.000174, 0.050030
8.309998, 0.346896, 0.346720, 0.000177, 0.050928
8.319998, 0.346688, 0.346508, 0.000180, 0.051836
8.329998, 0.346480, 0.346297, 0.000183, 0.052744
8.339998, 0.346272, 0.346086, 0.000186, 0.053645
8.349998, 0.346064, 0.345875, 0.000189, 0.054573
8.359999, 0.345857, 0.345665, 0.000192, 0.055476
8.369999, 0.345651, 0.345456, 0.000195, 0.056397
8.379999, 0.345444, 0.345246, 0.000198, 0.057319
8.389999, 0.345238, 0.345037, 0.000201, 0.058234
8.400000, 0.345033, 0.344829, 0.000204, 0.059158
8.410000, 0.344828, 0.344620, 0.000207, 0.060093
8.420000, 0.344623, 0.344412, 0.000210, 0.061019
8.430000, 0.344418, 0.344205, 0.000213, 0.061938
8.440000, 0.344214, 0.343998, 0.000216, 0.062875
8.450000, 0.344010, 0.343791, 0.000219, 0.063804
8.460000, 0.343807, 0.343585, 0.000223, 0.064735
8.470000, 0.343604, 0.343378, 0.000226, 0.065667
8.480000, 0.343401, 0.343173, 0.000229, 0.066617
8.490000, 0.343199, 0.342967, 0.000232, 0.067542
8.500000, 0.342997, 0.342762, 0.000235, 0.068485
8.510000, 0.342796, 0.342558, 0.000238, 0.069421
8.520000, 0.342594, 0.342353, 0.000241, 0.070349
8.530001, 0.342393, 0.342149, 0.000244, 0.071304
8.540001, 0.342193, 0.341946, 0.000247, 0.072234
8.550001, 0.341993, 0.341743, 0.000250, 0.073174
8.560001, 0.341793, 0.341540, 0.000253, 0.074106
8.570002, 0.341593, 0.341337, 0.000256, 0.075048
8.580002, 0.341394, 0.341135, 0.000259, 0.075991
8.590002, 0.341196, 0.340933, 0.000262, 0.076935
8.600002, 0.340997, 0.340732, 0.000266, 0.077871
8.610003, 0.340799, 0.340530, 0.000269, 0.078808
8.620003, 0.340601, 0.340330, 0.000272, 0.079755
8.630002, 0.340404, 0.340129, 0.000275, 0.080686
8.640002, 0.340207, 0.339929, 0.000278, 0.081626
8.650002, 0.340010, 0.339729, 0.000281, 0.082559
8.660003, 0.339814, 0.339530, 0.000284, 0.083501
8.670002, 0.339618, 0.339331, 0.000287, 0.084435
8.680002, 0.339422, 0.339132, 0.000290, 0.085371
8.690002, 0.339227, 0.338934, 0.000293, 0.086299
8.700003, 0.339032, 0.338736, 0.000296, 0.087227
8.710003, 0.338837, 0.338538, 0.000299, 0.088166
8.720003, 0.338643, 0.338341, 0.000302, 0.089088
8.730003, 0.338449, 0.338144, 0.000305, 0.090019
8.740004, 0.338255, 0.337947, 0.000308, 0.090943
8.750004, 0.338062, 0.337751, 0.000311, 0.091868
8.760004, 0.337869, 0.337555, 0.000313, 0.092785
8.770004, 0.337676, 0.337359, 0.000316, 0.093711
8.780005, 0.337484, 0.337164, 0.000319, 0.094621
8.790005, 0.337292, 0.336969, 0.000322, 0.095541
8.800005, 0.337100, 0.336775, 0.000325, 0.096453
8.810005, 0.336908, 0.336580, 0.000328, 0.097375
8.820004, 0.336717, 0.336387, 0.000331, 0.098280
8.830005, 0.336527, 0.336193, 0.000334, 0.099194
8.840005, 0.336336, 0.336000, 0.000337, 0.100084
8.850005, 0.336146, 0.335807, 0.000340, 0.101000
8.860004, 0.335956, 0.335614, 0.000342, 0.101891
8.870005, 0.335767, 0.335422, 0.000345, 0.102792
8.880005, 0.335578, 0.335230, 0.000348, 0.103684
8.890005, 0.335389, 0.335038, 0.000351, 0.104578
8.900005, 0.335201, 0.334847, 0.000354, 0.105464
8.910006, 0.335012, 0.334656, 0.000356, 0.106350
8.920006, 0.334825, 0.334466, 0.000359, 0.107229
8.930006, 0.334637, 0.334275, 0.000362, 0.108108
8.940006, 0.334450, 0.334085, 0.000365, 0.108989
8.950006, 0.334263, 0.333896, 0.000367, 0.109861
8.960007, 0.334076, 0.333707, 0.000370, 0.110716
8.970007, 0.333890, 0.333518, 0.000373, 0.111581
8.980007, 0.333704, 0.333329, 0.000375, 0.112456
8.990007, 0.333519, 0.333141, 0.000378, 0.113314
9.000008, 0.333333, 0.332953, 0.000381, 0.114164
9.010007, 0.333148, 0.332765, 0.000383, 0.115023
9.020007, 0.332963, 0.332578, 0.000386, 0.115866
9.030007, 0.332779, 0.332391, 0.000388, 0.116709
9.040008, 0.332595, 0.332204, 0.000391, 0.117553
9.050007, 0.332411, 0.332018, 0.000393, 0.118372
9.060007, 0.332228, 0.331832, 0.000396, 0.119208
9.070007, 0.332044, 0.331646, 0.000399, 0.120037
9.080008, 0.331861, 0.331460, 0.000401, 0.120849
9.090008, 0.331679, 0.331275, 0.000404, 0.121679
9.100008, 0.331497, 0.331091, 0.000406, 0.122492
9.110008, 0.331315, 0.330906, 0.000409, 0.123297
9.120008, 0.331133, 0.330722, 0.000411, 0.124102
9.130009, 0.330952, 0.330538, 0.000413, 0.124900
9.140009, 0.330770, 0.330355, 0.000416, 0.125698
9.150009, 0.330590, 0.330171, 0.000418, 0.126479
9.160009, 0.330409, 0.329989, 0.000421, 0.127270
9.170010, 0.330229, 0.329806, 0.000423, 0.128052
9.180010, 0.330049, 0.329624, 0.000425, 0.128835
9.190010, 0.329869, 0.329442, 0.000428, 0.129601
9.200009, 0.329690, 0.329260, 0.000430, 0.130368
9.210010, 0.329511, 0.329079, 0.000432, 0.131117
9.220010, 0.329332, 0.328898, 0.000434, 0.131885
9.230010, 0.329154, 0.328717, 0.000437, 0.132635
9.240009, 0.328976, 0.328537, 0.000439, 0.133378
9.250010, 0.328798, 0.328357, 0.000441, 0.134129
9.260010, 0.328620, 0.328177, 0.000443, 0.134855
9.270010, 0.328443, 0.327998, 0.000445, 0.135581
9.280010, 0.328266, 0.327818, 0.000447, 0.136308
9.290010, 0.328089, 0.327640, 0.000450, 0.137026
9.300011, 0.327913, 0.327461, 0.000452, 0.137745
9.310011, 0.327737, 0.327283, 0.000454, 0.138438
9.320011, 0.327561, 0.327105, 0.000456, 0.139149
9.330011, 0.327385, 0.326927, 0.000458, 0.139842
9.340012, 0.327210, 0.326750, 0.000460, 0.140537
9.350012, 0.327035, 0.326573, 0.000462, 0.141222
9.360012, 0.326860, 0.326396, 0.000464, 0.141891
9.370012, 0.326686, 0.326220, 0.000466, 0.142569
9.380013, 0.326511, 0.326044, 0.000468, 0.143238
9.390012, 0.326337, 0.325868, 0.000470, 0.143899
9.400012, 0.326164, 0.325692, 0.000471, 0.144551
9.410012, 0.325990, 0.325517, 0.000473, 0.145195
9.420012, 0.325817, 0.325342, 0.000475, 0.145848
9.430012, 0.325645, 0.325168, 0.000477, 0.146484
9.440012, 0.325472, 0.324993, 0.000479, 0.147111
9.450012, 0.325300, 0.324819, 0.000481, 0.147738
9.460012, 0.325128, 0.324645, 0.000482, 0.148348
9.470013, 0.324956, 0.324472, 0.000484, 0.148968
9.480013, 0.324785, 0.324299, 0.000486, 0.149560
9.490013, 0.324614, 0.324126, 0.000487, 0.150171
9.500013, 0.324443, 0.323953, 0.000489, 0.150774
9.510014, 0.324272, 0.323781, 0.000491, 0.151350
9.520014, 0.324102, 0.323609, 0.000492, 0.151926
9.530014, 0.323932, 0.323438, 0.000494, 0.152502
9.540014, 0.323762, 0.323266, 0.000496, 0.153070
9.550014, 0.323592, 0.323095, 0.000497, 0.153629
9.560015, 0.323423, 0.322924, 0.000499, 0.154180
9.570015, 0.323254, 0.322754, 0.000500, 0.154731
9.580014, 0.323085, 0.322583, 0.000502, 0.155273
9.590014, 0.322917, 0.322414, 0.000503, 0.155797
9.600015, 0.322748, 0.322244, 0.000505, 0.156321
9.610015, 0.322580, 0.322074, 0.000506, 0.156846
9.620014, 0.322413, 0.321905, 0.000507, 0.157362
9.630014, 0.322245, 0.321737, 0.000509, 0.157869
9.640015, 0.322078, 0.321568, 0.000510, 0.158367
9.650015, 0.321911, 0.321400, 0.000511, 0.158857
9.660015, 0.321744, 0.321232, 0.000513, 0.159337
9.670015, 0.321578, 0.321064, 0.000514, 0.159818
9.680016, 0.321412, 0.320897, 0.000515, 0.160290
9.690016, 0.321246, 0.320730, 0.000516, 0.160754
9.700016, 0.321080, 0.320563, 0.000518, 0.161217
9.710016, 0.320915, 0.320396, 0.000519, 0.161672
9.720016, 0.320750, 0.320230, 0.000520, 0.162108
9.730017, 0.320585, 0.320064, 0.000521, 0.162545
9.740017, 0.320420, 0.319898, 0.000522, 0.162982
9.750017, 0.320256, 0.319733, 0.000523, 0.163391
9.760017, 0.320092, 0.319568, 0.000524, 0.163810
9.770017, 0.319928, 0.319403, 0.000525, 0.164220
9.780017, 0.319764, 0.319238, 0.000526, 0.164611
9.790017, 0.319601, 0.319074, 0.000527, 0.165013
9.800017, 0.319438, 0.318910, 0.000528, 0.165395
9.810017, 0.319275, 0.318746, 0.000529, 0.165769
9.820017, 0.319113, 0.318582, 0.000530, 0.166134
9.830017, 0.318950, 0.318419, 0.000531, 0.166499
9.840017, 0.318788, 0.318256, 0.000532, 0.166864
9.850018, 0.318626, 0.318093, 0.000533, 0.167220
9.860018, 0.318465, 0.317931, 0.000534, 0.167548
9.870018, 0.318303, 0.317769, 0.000534, 0.167886
9.880018, 0.318142, 0.317607, 0.000535, 0.168205
9.890018, 0.317981, 0.317445, 0.000536, 0.168534
9.900019, 0.317821, 0.317284, 0.000537, 0.168844
9.910019, 0.317660, 0.317123, 0.000537, 0.169136
9.920019, 0.317500, 0.316962, 0.000538, 0.169437
9.930019, 0.317340, 0.316801, 0.000539, 0.169729
9.940020, 0.317180, 0.316641, 0.000539, 0.170021
9.950020, 0.317021, 0.316481, 0.000540, 0.170285
9.960019, 0.316862, 0.316321, 0.000540, 0.170559
9.970019, 0.316703, 0.316162, 0.000541, 0.170814
9.980020, 0.316544, 0.316003, 0.000542, 0.171069
9.990020, 0.316386, 0.315844, 0.000542, 0.171315
10.000019, 0.316227, 0.315685, 0.000542, 0.171551
